fitness,restarts,max_attempts,max_iters,n_invocations,time
8.0,10,5,1000,13,0.0004431000000000296
8.0,10,5,1000,13,0.0004431000000000296
8.0,10,5,1000,13,0.0004431000000000296
8.0,10,5,1000,13,0.0004431000000000296
8.0,10,5,1000,13,0.0004431000000000296
8.0,10,5,1000,13,0.0004431000000000296
8.0,10,5,1000,13,0.0004431000000000296
8.0,10,5,1000,13,0.0004431000000000296
8.0,10,5,1000,13,0.0004431000000000296
8.0,10,5,1000,13,0.0004431000000000296
8.0,10,5,1000,13,0.0004431000000000296
