fitness,restarts,max_attempts,max_iters,n_invocations,time
5.0,10,5,1000,11,0.0008797999999998751
5.0,10,5,1000,11,0.0008797999999998751
5.0,10,5,1000,11,0.0008797999999998751
5.0,10,5,1000,11,0.0008797999999998751
5.0,10,5,1000,11,0.0008797999999998751
5.0,10,5,1000,11,0.0008797999999998751
5.0,10,5,1000,11,0.0008797999999998751
5.0,10,5,1000,11,0.0008797999999998751
5.0,10,5,1000,11,0.0008797999999998751
5.0,10,5,1000,11,0.0008797999999998751
